<?xml version="1.0" encoding="UTF-8"?>
<GenRun Id="impl_1" LaunchPart="xc7a35tcpg236-1" LaunchTime="1669055683">
  <File Type="OPT-DCP" Name="mainfifo_opt.dcp"/>
  <File Type="RUN-CONSTRS" Name="$PDATADIR/runs/impl_1/constrs_in.xml"/>
  <File Type="RUN-SRCS" Name="$PDATADIR/runs/impl_1/sources.xml"/>
  <File Type="ROUTE-DCP" Name="mainfifo_routed.dcp"/>
  <File Type="PA-TCL" Name="mainfifo.tcl"/>
  <File Type="RUN-STRAT" Name="$PDATADIR/runs/impl_1/impl_1.psg"/>
  <File Type="OPT-DRC" Name="mainfifo_drc_opted.rpt"/>
  <File Type="INIT-TIMING" Name="mainfifo_timing_summary_init.rpt"/>
  <File Type="OPT-TIMING" Name="mainfifo_timing_summary_opted.rpt"/>
  <File Type="OPT-HWDEF" Name="mainfifo.hwdef"/>
  <File Type="PWROPT-DCP" Name="mainfifo_pwropt.dcp"/>
  <File Type="PWROPT-DRC" Name="mainfifo_drc_pwropted.rpt"/>
  <File Type="PWROPT-TIMING" Name="mainfifo_timing_summary_pwropted.rpt"/>
  <File Type="PLACE-DCP" Name="mainfifo_placed.dcp"/>
  <File Type="PLACE-IO" Name="mainfifo_io_placed.rpt"/>
  <File Type="PLACE-CLK" Name="mainfifo_clock_utilization_placed.rpt"/>
  <File Type="PLACE-UTIL" Name="mainfifo_utilization_placed.rpt"/>
  <File Type="PLACE-UTIL-PB" Name="mainfifo_utilization_placed.pb"/>
  <File Type="PLACE-CTRL" Name="mainfifo_control_sets_placed.rpt"/>
  <File Type="PLACE-SIMILARITY" Name="mainfifo_incremental_reuse_placed.rpt"/>
  <File Type="PLACE-PRE-SIMILARITY" Name="mainfifo_incremental_reuse_pre_placed.rpt"/>
  <File Type="PLACE-TIMING" Name="mainfifo_timing_summary_placed.rpt"/>
  <File Type="POSTPLACE-PWROPT-DCP" Name="mainfifo_postplace_pwropt.dcp"/>
  <File Type="POSTPLACE-PWROPT-TIMING" Name="mainfifo_timing_summary_postplace_pwropted.rpt"/>
  <File Type="PHYSOPT-DCP" Name="mainfifo_physopt.dcp"/>
  <File Type="RDI-RDI" Name="mainfifo.vdi"/>
  <File Type="PHYSOPT-DRC" Name="mainfifo_drc_physopted.rpt"/>
  <File Type="PHYSOPT-TIMING" Name="mainfifo_timing_summary_physopted.rpt"/>
  <File Type="ROUTE-DRC" Name="mainfifo_drc_routed.rpt"/>
  <File Type="ROUTE-DRC-PB" Name="mainfifo_drc_routed.pb"/>
  <File Type="ROUTE-PWR" Name="mainfifo_power_routed.rpt"/>
  <File Type="ROUTE-PWR-SUM" Name="mainfifo_power_summary_routed.pb"/>
  <File Type="ROUTE-STATUS" Name="mainfifo_route_status.rpt"/>
  <File Type="ROUTE-STATUS-PB" Name="mainfifo_route_status.pb"/>
  <File Type="ROUTE-TIMINGSUMMARY" Name="mainfifo_timing_summary_routed.rpt"/>
  <File Type="ROUTE-TIMING-PB" Name="mainfifo_timing_summary_routed.pb"/>
  <File Type="ROUTE-TIMING-RPX" Name="mainfifo_timing_summary_routed.rpx"/>
  <File Type="ROUTE-SIMILARITY" Name="mainfifo_incremental_reuse_routed.rpt"/>
  <File Type="ROUTE-CLK" Name="mainfifo_clock_utilization_routed.rpt"/>
  <File Type="POSTROUTE-PHYSOPT-DCP" Name="mainfifo_postroute_physopt.dcp"/>
  <File Type="POSTROUTE-PHYSOPT-TIMING" Name="mainfifo_timing_summary_postroute_physopted.rpt"/>
  <File Type="POSTROUTE-PHYSOPT-TIMING-PB" Name="mainfifo_timing_summary_postroute_physopted.pb"/>
  <File Type="POSTROUTE-PHYSOPT-TIMING-RPX" Name="mainfifo_timing_summary_postroute_physopted.rpx"/>
  <File Type="BG-BIT" Name="mainfifo.bit"/>
  <File Type="BG-BIN" Name="mainfifo.bin"/>
  <File Type="BITSTR-MSK" Name="mainfifo.msk"/>
  <File Type="BITSTR-RBT" Name="mainfifo.rbt"/>
  <File Type="BITSTR-NKY" Name="mainfifo.nky"/>
  <File Type="BITSTR-BMM" Name="mainfifo_bd.bmm"/>
  <File Type="BITSTR-MMI" Name="mainfifo.mmi"/>
  <File Type="BITSTR-SYSDEF" Name="mainfifo.sysdef"/>
  <File Type="BG-BGN" Name="mainfifo.bgn"/>
  <File Type="BG-DRC" Name="mainfifo.drc"/>
  <File Type="WBT-USG" Name="usage_statistics_webtalk.html"/>
  <FileSet Name="sources" Type="DesignSrcs" RelSrcDir="$PSRCDIR/sources_1">
    <Filter Type="Srcs"/>
    <File Path="$PSRCDIR/sources_1/new/mainfifo.vhd">
      <FileInfo>
        <Attr Name="UsedIn" Val="synthesis"/>
        <Attr Name="UsedIn" Val="simulation"/>
      </FileInfo>
    </File>
    <Config>
      <Option Name="DesignMode" Val="RTL"/>
      <Option Name="TopModule" Val="mainfifo"/>
      <Option Name="TopAutoSet" Val="TRUE"/>
    </Config>
  </FileSet>
  <FileSet Name="constrs_in" Type="Constrs" RelSrcDir="$PSRCDIR/constrs_1">
    <Filter Type="Constrs"/>
    <File Path="$PSRCDIR/constrs_1/new/FIFO.xdc">
      <FileInfo>
        <Attr Name="UsedIn" Val="synthesis"/>
        <Attr Name="UsedIn" Val="implementation"/>
      </FileInfo>
    </File>
    <Config>
      <Option Name="ConstrsType" Val="XDC"/>
    </Config>
  </FileSet>
  <Strategy Version="1" Minor="2">
    <StratHandle Name="Vivado Implementation Defaults" Flow="Vivado Implementation 2015"/>
    <Step Id="init_design"/>
    <Step Id="opt_design"/>
    <Step Id="power_opt_design"/>
    <Step Id="place_design"/>
    <Step Id="post_place_power_opt_design"/>
    <Step Id="phys_opt_design"/>
    <Step Id="route_design"/>
    <Step Id="post_route_phys_opt_design"/>
    <Step Id="write_bitstream"/>
  </Strategy>
</GenRun>
